debeo,possum
possum,dubius
possum,forsitan
possum,possum
possum,debeo
fortasse,possum
possum,possum
certe,possum
possum,possum
possum,debeo
fortasse,possum
possum,possum
possum,possum
possum,possum
possum,possum
possum,aptus
possum,possum
possum,possum
possum,debeo
debeo,possum
possum,licet
possum,debeo
fortasse,necesse sum
debeo,debeo
possum,possum
debeo,possum
necesse sum,licet
forte,possum
opus sum,possum
possum,certe
debeo,possum
debeo,debeo
possum,fortasse
certe,possum
possum,possum
possum,possum
certus,potestas
potestas,oportet
licet,possum
forte,possum
possum,possum
possum,possum
debeo,possum
debeo,possum
debeo,possum
certe,necesse sum
possum,licet
certe,oportet
possum,possum
debeo,debeo
fortasse,necesse sum
possum,possum
debeo,possum
possum,possum
necesse sum,possum
oportet,possum
debeo,debeo
possum,opus sum
possum,possum
possum,licet
possum,possum
possum,possum
debeo,possum
licet,debeo
possum,possum
possum,fortasse
fortasse,possum
possum,possum
possum,possum
possum,certe
possum,debeo
licet,licet
fortasse,debeo
certe,possum
certe,possum
possum,possum
certe,possum
possum,possum
forte,possum
necesse sum,possum
possum,certe
debeo,possum
possum,fortasse
oportet,possum
forte,dubius
possum,possum
licet,possum
fortasse,certe
certe,possum
possum,necessarius
possum,necesse sum
possum,certe
possum,possum
possum,debeo
debeo,possum
possum,possum
possum,possum
possum,debeo
possum,possum
possum,possum
licet,possum
opus sum,possum
debeo,possum
possum,possum
debeo,possum
possum,facultas
possum,possum
possum,possum
fortasse,possum
possum,possum
debeo,oportet
possum,possum
possum,possum
possum,certe
possum,possum
possum,oportet
opus sum,possum
licet,possum
necessario,possum
possum,debeo
possum,possum
necessario,possum
facultas,possum
possum,possum
possum,debeo
possum,possum
possum,possum
necessarius,licet
licet,possum
oportet,debeo
oportet,possum
possum,facultas
possum,possum
necessario,possum
facultas,possum
possum,possum
possum,oportet
possum,aptus
possum,possum
possum,possum
licet,possum
oportet,possum
possum,necesse sum
possum,possum
possum,possum
possum,certe
necessario,possum
possum,possum
forte,possum
possum,possum
possum,possum
licet,possum
potestas,possum
possum,possum
dubius,potestas
possum,forte
licet,licet
possum,debeo
possum,possum
debeo,possum
possum,possum
licet,debeo
aequus,iniquus
possum,possum
possum,possum
licet,possum
certe,possum
possum,potestas
licet,necesse sum
possum,possum
fortasse,possum
facultas,licet
decet,possum
certe,debeo
possum,possum
debeo,possum
possum,possum
possum,possum
possum,possum
possum,possum
debeo,possum
possum,possum
certe,debeo
certe,debeo
possum,possum
possum,possum
possum,possum
debeo,possum
possum,possum
possum,licet
possum,licet
licet,possum
possum,possum
possum,possum
possum,certe
licet,possum
licet,licet
possum,possum
possum,possum
debeo,possum
fortasse,possum
possum,debeo
necesse sum,possum
debeo,possum
debeo,possum
possum,possum
possum,possum
oportet,possum
oportet,possum
possum,licet
possum,possum
possum,possum
possum,possum
possum,debeo
certe,licet
possum,possum
possum,possum
possum,possum
possum,licet
possum,possum
licet,necesse sum
possum,debeo
possum,incertus
debeo,debeo
possum,possum
possum,debeo
possum,possum
possum,possum
possum,debeo
possum,certe
licet,possum
possum,possum
possum,possum
debeo,possum
licet,oportet
possum,possum
possum,possum
possum,possum
certe,possum
possum,possum
possum,possum
possum,possum
debeo,possum
possum,possum
possum,possum
certe,possum
possum,possum
possum,possum
possum,dubius
licet,debeo
debeo,possum
possum,possum
licet,oportet
possum,possum
possum,debeo
possum,possum
possum,possum
possum,possum
possum,possum
possum,possum
possum,possum
debeo,possum
certe,debeo
possum,possum
oportet,licet
possum,possum
possum,possum
possum,debeo
debeo,possum
possum,possum
fortasse,possum
debeo,possum
dubius,dubius
debeo,debeo
possum,possum
licet,possum
oportet,licet
licet,licet
possum,possum
possum,possum
debeo,debeo
possum,possum
possum,possum
possum,debeo
possum,possum
possum,possum
possum,possum
debeo,possum
possum,possum
possum,possum
debeo,oportet
licet,licet
licet,licet
debeo,debeo
possum,possum
licet,oportet
licet,licet
possum,possum
possum,debeo
possum,debeo
possum,possum
possum,possum
possum,possum
possum,possum
possum,possum
possum,possum
possum,possum
possum,possum
possum,licet
possum,possum
debeo,possum
possum,necesse sum
possum,possum
oportet,possum
debeo,possum
possum,possum
oportet,possum
possum,possum
oportet,possum
possum,necessario
possum,necessario
possum,possum
possum,possum
possum,possum
possum,oportet
necesse sum,necessarius
necesse sum,licet
necessarius,oportet
possum,oportet
possum,possum
possum,possum
oportet,possum
oportet,possum
forte,possum
oportet,debeo
possum,possum
oportet,possum
possum,oportet
opus sum,necessario
oportet,oportet
oportet,debeo
possum,debeo
oportet,oportet
necesse sum,possum
possum,possum
oportet,possum
debeo,debeo
oportet,oportet
possum,possum
possum,possum
possum,facultas
oportet,possum
possum,possum
necesse sum,possum
oportet,possum
possum,possum
necesse sum,oportet
oportet,possum
oportet,debeo
oportet,possum
oportet,possum
fortasse,possum
oportet,possum
debeo,possum
possum,potestas
possum,debeo
debeo,necessitas
possum,possum
possum,possum
licet,oportet
possum,possum
dubius,possum
possum,possum
oportet,oportet
oportet,possum
oportet,possum
dubius,oportet
oportet,possum
opus sum,possum
oportet,possum
possum,oportet
possum,possum
oportet,potestas
possum,possum
debeo,possum
necesse sum,necessario
possum,necesse sum
possum,possum
necessario,oportet
possum,possum
possum,debeo
necessitas,possum
debeo,debeo
opus sum,possum
oportet,possum
oportet,dubius
oportet,aptus
oportet,possum
oportet,possum
possum,possum
debeo,possum
possum,oportet
oportet,possum
oportet,oportet
possum,possum
oportet,possum
possum,oportet
possum,debeo
oportet,possum
oportet,possum
oportet,possum
oportet,possum
possum,licet
possum,possum
oportet,possum
oportet,debeo
possum,oportet
oportet,possum
oportet,decet
oportet,possum
oportet,possum
possum,possum
debeo,possum
possum,oportet
possum,oportet
possum,possum
oportet,possum
oportet,possum
oportet,possum
licet,fortasse
debeo,possum
oportet,possum
oportet,possum
facultas,oportet
possum,possum
oportet,dubius
possum,oportet
oportet,possum
possum,possum
facultas,possum
certe,possum
possum,licet
possum,possum
licet,possum
queo,possum
debeo,debeo
necesse sum,possum
debeo,possum
possum,dubius
debeo,possum
possum,possum
possum,debeo
possum,oportet
fortasse,licet
licet,licet
possum,possum
possum,possum
certe,debeo
debeo,possum
facultas,debeo
possum,possum
possum,possum
debeo,debeo
possum,possum
possum,debeo
possum,certe
possum,necesse sum
certe,necesse sum
debeo,possum
possum,necessario
forte,debeo
oportet,possum
debeo,possum
possum,possum
certe,possum
possum,debeo
possum,possum
forte,possum
possum,possum
possum,possum
facultas,possum
possum,possum
fortasse,certe
possum,possum
possum,necesse sum
fortasse,debeo
certus,possum
facultas,possum
certe,possum
facultas,necessario
possum,possum
possum,possum
certe,opus sum
opus sum,facultas
necessarius,possum
licet,possum
possum,possum
possum,possum
possum,possum
possum,possum
forte,possum
possum,possum
necessario,possum
possum,possum
possum,possum
forte,possum
possum,possum
possum,facultas
debeo,certus
possum,possum
possum,possum
possum,possum
possum,possum
forsitan,possum
licet,licet
licet,necesse sum
licet,necesse sum
possum,possum
debeo,debeo
debeo,debeo
debeo,debeo
licet,oportet
licet,oportet
licet,possum
oportet,possum
licet,licet
licet,licet
licet,licet
possum,possum
fortasse,possum
possum,licet
possum,possum
possum,potestas
oportet,licet
oportet,licet
debeo,necesse sum
licet,debeo
licet,possum
debeo,possum
possum,possum
possum,possum
certus,debeo
possum,possum
possum,possum
possum,possum
debeo,possum
fortasse,fortasse
fortasse,fortasse
licet,licet
licet,licet
licet,licet
possum,possum
possum,possum
possum,possum
possum,possum
possum,possum
possum,possum
possum,possum
oportet,oportet
oportet,potestas
oportet,possum
possum,oportet
oportet,oportet
oportet,possum
possum,possum
possum,oportet
possum,possum
possum,possum
necessario,possum
licet,possum
licet,possum
oportet,possum
probabiliter,possum
possum,possum
facultas,possum
possum,possum
debeo,potestas
debeo,necesse sum
possum,oportet
oportet,necesse sum
oportet,dubius
dubius,debeo
oportet,oportet
debeo,debeo
oportet,possum
possum,possum
possum,opus sum
possum,opus sum
debeo,possum
possum,possum
possum,possum
possum,possum
oportet,opus sum
opus sum,opus sum
necesse sum,necesse sum
oportet,possum
oportet,possum
