__context__	aequus	aptus	certe	certus	debeo	decet	dubius	facultas	forsitan	fortasse	forte	incertus	iniquus	licet	necessario	necessarius	necesse sum	necessitas	oportet	opus sum	possum	potestas	probabiliter	queo
aequus	0	0	0	0	0	0	0	0	0	0	0	0	1	0	0	0	0	0	0	0	0	0	0	0
aptus	0	0	0	0	0	0	0	0	0	0	0	0	0	0	0	0	0	0	1	0	2	0	0	0
certe	0	0	0	0	5	0	0	0	0	2	0	0	0	1	0	0	2	0	1	1	21	0	0	0
certus	0	0	0	0	2	0	0	0	0	0	0	0	0	0	0	0	0	0	0	0	1	1	0	0
debeo	0	0	5	2	32	0	1	1	0	2	1	0	0	4	0	0	2	1	7	0	69	1	0	0
decet	0	0	0	0	0	0	0	0	0	0	0	0	0	0	0	0	0	0	1	0	1	0	0	0
dubius	0	0	0	0	1	0	2	0	0	0	1	0	0	0	0	0	0	0	4	0	4	1	0	0
facultas	0	0	0	0	1	0	0	0	0	0	0	0	0	1	1	0	0	0	1	1	10	0	0	0
forsitan	0	0	0	0	0	0	0	0	0	0	0	0	0	0	0	0	0	0	0	0	2	0	0	0
fortasse	0	0	2	0	2	0	0	0	0	4	0	0	0	2	0	0	2	0	0	0	12	0	0	0
forte	0	0	0	0	1	0	1	0	0	0	0	0	0	0	0	0	0	0	0	0	9	0	0	0
incertus	0	0	0	0	0	0	0	0	0	0	0	0	0	0	0	0	0	0	0	0	1	0	0	0
iniquus	1	0	0	0	0	0	0	0	0	0	0	0	0	0	0	0	0	0	0	0	0	0	0	0
licet	0	0	1	0	4	0	0	1	0	2	0	0	0	30	0	1	6	0	10	0	29	0	0	0
necessario	0	0	0	0	0	0	0	1	0	0	0	0	0	0	0	0	1	0	1	1	9	0	0	0
necessarius	0	0	0	0	0	0	0	0	0	0	0	0	0	1	0	0	1	0	1	0	2	0	0	0
necesse sum	0	0	2	0	2	0	0	0	0	2	0	0	0	6	1	1	2	0	2	0	12	0	0	0
necessitas	0	0	0	0	1	0	0	0	0	0	0	0	0	0	0	0	0	0	0	0	1	0	0	0
oportet	0	1	1	0	7	1	4	1	0	0	0	0	0	10	1	1	2	0	16	1	66	3	0	0
opus sum	0	0	1	0	0	0	0	1	0	0	0	0	0	0	1	0	0	0	1	2	8	0	0	0
possum	0	2	21	1	69	1	4	10	2	12	9	1	0	29	9	2	12	1	66	8	416	4	1	1
potestas	0	0	0	1	1	0	1	0	0	0	0	0	0	0	0	0	0	0	3	0	4	0	0	0
probabiliter	0	0	0	0	0	0	0	0	0	0	0	0	0	0	0	0	0	0	0	0	1	0	0	0
queo	0	0	0	0	0	0	0	0	0	0	0	0	0	0	0	0	0	0	0	0	1	0	0	0