"","aequus","aptus","certe","certus","debeo","decet","dubius","facultas","forsitan","fortasse","forte","incertus","iniquus","licet","necessario","necessarius","necesse.sum","necessitas","oportet","opus.sum","possum","potestas","probabiliter","queo"
"aequus",0,0,0,0,0,0,0,0,0,0,0,0,0.5,0,0,0,0,0,0,0,0,0,0,0
"aptus",0,0,0,0,0,0,0,0,0,0,0,0,0,0,0,0,0,0,0.5,0,1,0,0,0
"certe",0,0,0,0,2.5,0,0,0,0,1,0,0,0,0.5,0,0,1,0,0.5,0.5,10.5,0,0,0
"certus",0,0,0,0,1,0,0,0,0,0,0,0,0,0,0,0,0,0,0,0,0.5,0.5,0,0
"debeo",0,0,2.5,1,16,0,0.5,0.5,0,1,0.5,0,0,2,0,0,1,0.5,3.5,0,34.5,0.5,0,0
"decet",0,0,0,0,0,0,0,0,0,0,0,0,0,0,0,0,0,0,0.5,0,0.5,0,0,0
"dubius",0,0,0,0,0.5,0,1,0,0,0,0.5,0,0,0,0,0,0,0,2,0,2,0.5,0,0
"facultas",0,0,0,0,0.5,0,0,0,0,0,0,0,0,0.5,0.5,0,0,0,0.5,0.5,5,0,0,0
"forsitan",0,0,0,0,0,0,0,0,0,0,0,0,0,0,0,0,0,0,0,0,1,0,0,0
"fortasse",0,0,1,0,1,0,0,0,0,2,0,0,0,1,0,0,1,0,0,0,6,0,0,0
"forte",0,0,0,0,0.5,0,0.5,0,0,0,0,0,0,0,0,0,0,0,0,0,4.5,0,0,0
"incertus",0,0,0,0,0,0,0,0,0,0,0,0,0,0,0,0,0,0,0,0,0.5,0,0,0
"iniquus",0.5,0,0,0,0,0,0,0,0,0,0,0,0,0,0,0,0,0,0,0,0,0,0,0
"licet",0,0,0.5,0,2,0,0,0.5,0,1,0,0,0,15,0,0.5,3,0,5,0,14.5,0,0,0
"necessario",0,0,0,0,0,0,0,0.5,0,0,0,0,0,0,0,0,0.5,0,0.5,0.5,4.5,0,0,0
"necessarius",0,0,0,0,0,0,0,0,0,0,0,0,0,0.5,0,0,0.5,0,0.5,0,1,0,0,0
"necesse sum",0,0,1,0,1,0,0,0,0,1,0,0,0,3,0.5,0.5,1,0,1,0,6,0,0,0
"necessitas",0,0,0,0,0.5,0,0,0,0,0,0,0,0,0,0,0,0,0,0,0,0.5,0,0,0
"oportet",0,0.5,0.5,0,3.5,0.5,2,0.5,0,0,0,0,0,5,0.5,0.5,1,0,8,0.5,33,1.5,0,0
"opus sum",0,0,0.5,0,0,0,0,0.5,0,0,0,0,0,0,0.5,0,0,0,0.5,1,4,0,0,0
"possum",0,1,10.5,0.5,34.5,0.5,2,5,1,6,4.5,0.5,0,14.5,4.5,1,6,0.5,33,4,208,2,0.5,0.5
"potestas",0,0,0,0.5,0.5,0,0.5,0,0,0,0,0,0,0,0,0,0,0,1.5,0,2,0,0,0
"probabiliter",0,0,0,0,0,0,0,0,0,0,0,0,0,0,0,0,0,0,0,0,0.5,0,0,0
"queo",0,0,0,0,0,0,0,0,0,0,0,0,0,0,0,0,0,0,0,0,0.5,0,0,0
