deontic acceptability,dynamic possibility
dynamic possibility,epistemic
dynamic possibility,epistemic
dynamic possibility,dynamic possibility
dynamic possibility,deontic acceptability
epistemic,dynamic possibility
dynamic possibility,dynamic possibility
epistemic,dynamic possibility
dynamic possibility,dynamic possibility
dynamic possibility,dynamic necessity
epistemic,dynamic possibility
dynamic possibility,dynamic possibility
dynamic possibility,dynamic possibility
dynamic possibility,dynamic possibility
dynamic possibility,dynamic possibility
dynamic possibility,dynamic possibility
dynamic possibility,dynamic possibility
dynamic possibility,dynamic possibility
dynamic possibility,dynamic necessity
dynamic necessity,dynamic possibility
dynamic possibility,deontic authority
dynamic necessity,dynamic possibility
epistemic,dynamic necessity
dynamic necessity,dynamic necessity
dynamic possibility,dynamic possibility
dynamic necessity,dynamic possibility
epistemic,dynamic possibility
epistemic,dynamic possibility
dynamic necessity,dynamic possibility
dynamic possibility,epistemic
dynamic necessity,dynamic possibility
deontic acceptability,deontic acceptability
dynamic possibility,epistemic
epistemic,dynamic possibility
dynamic possibility,dynamic possibility
dynamic possibility,dynamic possibility
epistemic,deontic authority
deontic authority,deontic authority
deontic authority,dynamic possibility
epistemic,epistemic
dynamic possibility,dynamic possibility
dynamic possibility,dynamic possibility
dynamic necessity,dynamic possibility
dynamic necessity,dynamic possibility
deontic acceptability,dynamic possibility
epistemic,dynamic necessity
dynamic possibility,deontic authority
epistemic,dynamic necessity
dynamic possibility,dynamic possibility
deontic authority,deontic acceptability
epistemic,dynamic necessity
dynamic possibility,dynamic possibility
dynamic necessity,dynamic possibility
dynamic possibility,deontic acceptability
dynamic necessity,dynamic possibility
deontic acceptability,dynamic possibility
dynamic necessity,dynamic necessity
dynamic possibility,dynamic necessity
dynamic possibility,dynamic possibility
dynamic possibility,dynamic possibility
dynamic possibility,dynamic possibility
dynamic possibility,dynamic possibility
dynamic necessity,dynamic possibility
dynamic possibility,deontic acceptability
dynamic possibility,dynamic possibility
dynamic possibility,epistemic
epistemic,dynamic possibility
dynamic possibility,dynamic possibility
dynamic possibility,dynamic possibility
dynamic possibility,epistemic
dynamic possibility,dynamic necessity
deontic authority,deontic authority
epistemic,epistemic
epistemic,dynamic possibility
epistemic,dynamic possibility
dynamic possibility,dynamic possibility
epistemic,dynamic possibility
dynamic possibility,dynamic possibility
epistemic,dynamic possibility
dynamic necessity,dynamic possibility
dynamic possibility,epistemic
dynamic necessity,dynamic possibility
dynamic possibility,epistemic
dynamic necessity,dynamic possibility
epistemic,epistemic
dynamic possibility,dynamic possibility
deontic authority,dynamic possibility
epistemic,epistemic
epistemic,dynamic possibility
dynamic possibility,dynamic necessity
dynamic possibility,dynamic necessity
dynamic possibility,epistemic
dynamic possibility,dynamic possibility
dynamic possibility,deontic acceptability
dynamic necessity,dynamic possibility
dynamic possibility,dynamic possibility
dynamic possibility,dynamic possibility
dynamic possibility,deontic acceptability
dynamic possibility,dynamic possibility
dynamic possibility,dynamic possibility
deontic authority,deontic authority
dynamic necessity,dynamic possibility
dynamic necessity,dynamic possibility
dynamic possibility,epistemic
deontic authority,deontic authority
dynamic possibility,dynamic possibility
dynamic possibility,dynamic possibility
dynamic possibility,dynamic possibility
epistemic,dynamic possibility
dynamic possibility,dynamic possibility
dynamic possibility,dynamic necessity
dynamic possibility,dynamic necessity
dynamic possibility,dynamic possibility
dynamic possibility,epistemic
dynamic possibility,dynamic possibility
dynamic possibility,dynamic necessity
dynamic necessity,dynamic possibility
dynamic possibility,dynamic possibility
dynamic necessity,dynamic possibility
dynamic possibility,dynamic necessity
dynamic possibility,dynamic possibility
dynamic necessity,dynamic possibility
dynamic possibility,dynamic possibility
dynamic possibility,dynamic possibility
dynamic possibility,dynamic necessity
dynamic possibility,dynamic possibility
dynamic possibility,dynamic possibility
dynamic necessity,deontic authority
deontic authority,dynamic possibility
deontic authority,dynamic necessity
dynamic necessity,dynamic possibility
dynamic possibility,deontic authority
dynamic possibility,dynamic possibility
dynamic possibility,dynamic possibility
dynamic possibility,dynamic possibility
dynamic possibility,dynamic possibility
dynamic possibility,dynamic necessity
dynamic possibility,dynamic possibility
dynamic possibility,dynamic possibility
dynamic possibility,dynamic possibility
deontic authority,dynamic possibility
dynamic necessity,dynamic possibility
dynamic possibility,dynamic necessity
dynamic possibility,dynamic possibility
dynamic possibility,dynamic possibility
dynamic possibility,epistemic
dynamic necessity,dynamic possibility
dynamic possibility,dynamic possibility
epistemic,dynamic possibility
dynamic possibility,dynamic possibility
dynamic possibility,dynamic possibility
dynamic possibility,dynamic possibility
deontic authority,dynamic possibility
dynamic possibility,dynamic possibility
epistemic,deontic authority
dynamic possibility,epistemic
deontic authority,deontic authority
dynamic possibility,dynamic necessity
dynamic possibility,dynamic possibility
dynamic necessity,dynamic possibility
deontic authority,deontic authority
deontic authority,dynamic necessity
deontic acceptability,deontic acceptability
dynamic possibility,dynamic possibility
deontic authority,dynamic possibility
deontic authority,dynamic possibility
epistemic,dynamic possibility
dynamic possibility,deontic authority
dynamic possibility,dynamic necessity
dynamic possibility,dynamic possibility
epistemic,dynamic possibility
dynamic possibility,deontic authority
dynamic necessity,dynamic possibility
epistemic,deontic acceptability
dynamic possibility,dynamic possibility
dynamic necessity,dynamic possibility
dynamic possibility,dynamic possibility
dynamic possibility,dynamic possibility
dynamic possibility,dynamic possibility
dynamic possibility,dynamic possibility
dynamic necessity,dynamic possibility
dynamic possibility,dynamic possibility
epistemic,dynamic necessity
epistemic,deontic acceptability
dynamic possibility,dynamic possibility
dynamic possibility,dynamic possibility
dynamic possibility,dynamic possibility
epistemic,dynamic possibility
dynamic possibility,dynamic possibility
dynamic possibility,deontic acceptability
dynamic possibility,deontic authority
deontic authority,dynamic possibility
dynamic possibility,dynamic possibility
dynamic possibility,dynamic possibility
dynamic possibility,epistemic
dynamic possibility,dynamic possibility
deontic authority,deontic authority
dynamic possibility,dynamic possibility
dynamic possibility,dynamic possibility
dynamic necessity,dynamic possibility
epistemic,dynamic possibility
deontic authority,deontic acceptability
deontic authority,deontic authority
deontic acceptability,dynamic possibility
deontic acceptability,dynamic possibility
dynamic possibility,dynamic possibility
dynamic possibility,dynamic possibility
deontic authority,dynamic possibility
deontic authority,dynamic possibility
dynamic possibility,deontic authority
deontic authority,dynamic possibility
dynamic possibility,dynamic possibility
dynamic possibility,dynamic possibility
dynamic possibility,deontic acceptability
epistemic,deontic authority
dynamic possibility,dynamic possibility
dynamic possibility,dynamic possibility
dynamic possibility,dynamic possibility
dynamic possibility,deontic authority
deontic authority,deontic authority
dynamic possibility,dynamic necessity
deontic authority,deontic acceptability
deontic acceptability,epistemic
dynamic necessity,deontic acceptability
dynamic possibility,deontic authority
deontic authority,deontic acceptability
deontic authority,dynamic possibility
dynamic possibility,dynamic possibility
deontic acceptability,deontic acceptability
epistemic,epistemic
deontic authority,dynamic possibility
dynamic possibility,dynamic possibility
dynamic possibility,dynamic possibility
deontic acceptability,deontic authority
deontic authority,deontic acceptability
dynamic possibility,dynamic possibility
deontic authority,deontic authority
deontic authority,deontic acceptability
epistemic,dynamic possibility
dynamic possibility,dynamic possibility
dynamic possibility,dynamic possibility
dynamic possibility,dynamic possibility
deontic acceptability,dynamic possibility
dynamic possibility,dynamic possibility
dynamic possibility,dynamic possibility
epistemic,dynamic possibility
dynamic possibility,dynamic possibility
dynamic possibility,dynamic possibility
dynamic possibility,epistemic
deontic authority,deontic authority
deontic authority,dynamic possibility
dynamic possibility,dynamic possibility
dynamic possibility,deontic acceptability
dynamic possibility,dynamic possibility
dynamic possibility,dynamic necessity
dynamic possibility,dynamic possibility
dynamic possibility,dynamic necessity
dynamic possibility,dynamic possibility
dynamic possibility,dynamic possibility
dynamic possibility,dynamic possibility
dynamic possibility,dynamic possibility
deontic acceptability,dynamic possibility
epistemic,dynamic necessity
epistemic,epistemic
deontic acceptability,deontic authority
deontic authority,deontic authority
dynamic possibility,deontic acceptability
deontic authority,dynamic necessity
deontic acceptability,dynamic possibility
dynamic possibility,dynamic possibility
epistemic,dynamic possibility
dynamic necessity,dynamic possibility
epistemic,epistemic
deontic acceptability,deontic acceptability
deontic authority,deontic authority
deontic authority,dynamic possibility
deontic authority,deontic authority
deontic authority,deontic authority
dynamic possibility,dynamic possibility
dynamic possibility,dynamic possibility
deontic acceptability,deontic acceptability
deontic authority,deontic authority
dynamic possibility,dynamic possibility
deontic acceptability,deontic acceptability
dynamic possibility,dynamic possibility
dynamic possibility,dynamic possibility
deontic authority,deontic authority
dynamic necessity,dynamic possibility
dynamic possibility,dynamic possibility
dynamic possibility,dynamic possibility
dynamic necessity,dynamic necessity
deontic authority,deontic authority
deontic authority,deontic authority
deontic authority,deontic authority
deontic acceptability,deontic acceptability
deontic authority,deontic acceptability
deontic authority,deontic authority
deontic authority,deontic authority
deontic authority,deontic authority
epistemic,dynamic necessity
deontic authority,dynamic possibility
dynamic possibility,dynamic possibility
dynamic possibility,dynamic possibility
deontic authority,deontic authority
dynamic possibility,dynamic possibility
dynamic possibility,dynamic possibility
dynamic possibility,dynamic possibility
dynamic possibility,dynamic possibility
dynamic possibility,deontic authority
dynamic possibility,dynamic possibility
deontic authority,dynamic possibility
dynamic possibility,dynamic necessity
dynamic possibility,epistemic
deontic authority,dynamic possibility
deontic authority,dynamic possibility
dynamic possibility,dynamic possibility
deontic authority,epistemic
dynamic possibility,dynamic possibility
deontic acceptability,dynamic possibility
dynamic possibility,dynamic necessity
dynamic possibility,dynamic necessity
epistemic,epistemic
deontic authority,deontic authority
dynamic possibility,dynamic possibility
dynamic possibility,dynamic necessity
deontic authority,dynamic necessity
dynamic necessity,deontic authority
dynamic necessity,deontic authority
dynamic possibility,dynamic necessity
epistemic,epistemic
dynamic possibility,dynamic possibility
dynamic necessity,dynamic possibility
dynamic necessity,dynamic possibility
epistemic,dynamic possibility
dynamic necessity,dynamic necessity
dynamic possibility,dynamic possibility
dynamic necessity,dynamic possibility
epistemic,dynamic necessity
dynamic necessity,deontic acceptability
deontic acceptability,deontic acceptability
dynamic necessity,dynamic necessity
dynamic possibility,deontic authority
deontic acceptability,deontic acceptability
dynamic necessity,dynamic possibility
dynamic possibility,dynamic possibility
dynamic necessity,dynamic possibility
deontic acceptability,deontic acceptability
deontic acceptability,deontic acceptability
dynamic possibility,dynamic possibility
dynamic possibility,dynamic possibility
dynamic possibility,dynamic possibility
dynamic necessity,dynamic possibility
dynamic possibility,dynamic possibility
dynamic necessity,dynamic possibility
dynamic necessity,dynamic possibility
dynamic possibility,dynamic possibility
dynamic necessity,deontic acceptability
dynamic necessity,dynamic possibility
dynamic necessity,dynamic necessity
dynamic necessity,dynamic possibility
dynamic necessity,dynamic possibility
epistemic,dynamic possibility
dynamic necessity,dynamic possibility
dynamic necessity,dynamic possibility
dynamic possibility,dynamic possibility
dynamic possibility,dynamic necessity
dynamic necessity,deontic acceptability
dynamic possibility,dynamic possibility
dynamic possibility,dynamic possibility
dynamic possibility,dynamic necessity
dynamic possibility,dynamic possibility
epistemic,dynamic possibility
dynamic possibility,dynamic possibility
dynamic necessity,dynamic necessity
dynamic necessity,dynamic possibility
dynamic necessity,dynamic possibility
epistemic,dynamic necessity
dynamic necessity,dynamic possibility
dynamic necessity,dynamic possibility
dynamic necessity,dynamic possibility
dynamic possibility,dynamic necessity
deontic authority,dynamic possibility
dynamic necessity,dynamic possibility
dynamic possibility,dynamic possibility
dynamic necessity,dynamic possibility
dynamic necessity,dynamic necessity
dynamic possibility,dynamic necessity
dynamic possibility,dynamic possibility
dynamic necessity,dynamic necessity
dynamic possibility,dynamic possibility
dynamic possibility,dynamic necessity
dynamic necessity,dynamic possibility
dynamic necessity,dynamic necessity
dynamic necessity,dynamic possibility
dynamic necessity,dynamic possibility
dynamic necessity,epistemic
dynamic necessity,dynamic possibility
dynamic necessity,dynamic possibility
dynamic necessity,dynamic possibility
dynamic possibility,dynamic possibility
deontic authority,dynamic possibility
dynamic possibility,dynamic necessity
dynamic necessity,dynamic possibility
dynamic necessity,dynamic necessity
dynamic possibility,dynamic possibility
dynamic necessity,dynamic possibility
dynamic possibility,dynamic necessity
dynamic possibility,dynamic necessity
dynamic necessity,dynamic possibility
dynamic necessity,dynamic possibility
dynamic necessity,dynamic possibility
dynamic necessity,dynamic possibility
dynamic possibility,deontic authority
dynamic possibility,dynamic possibility
dynamic necessity,dynamic possibility
dynamic necessity,dynamic necessity
dynamic possibility,dynamic necessity
dynamic necessity,dynamic possibility
dynamic necessity,dynamic necessity
dynamic necessity,dynamic possibility
dynamic necessity,dynamic possibility
dynamic possibility,dynamic possibility
deontic acceptability,deontic authority
deontic authority,deontic acceptability
dynamic possibility,dynamic necessity
dynamic possibility,dynamic possibility
dynamic necessity,dynamic possibility
dynamic necessity,dynamic possibility
dynamic necessity,dynamic possibility
dynamic possibility,epistemic
dynamic necessity,dynamic possibility
dynamic necessity,dynamic possibility
dynamic necessity,dynamic possibility
dynamic possibility,dynamic necessity
dynamic possibility,dynamic possibility
dynamic necessity,epistemic
dynamic possibility,dynamic necessity
dynamic necessity,dynamic possibility
dynamic possibility,dynamic possibility
dynamic possibility,dynamic possibility
epistemic,dynamic possibility
dynamic possibility,dynamic possibility
dynamic possibility,dynamic possibility
dynamic possibility,dynamic possibility
dynamic possibility,dynamic possibility
deontic acceptability,dynamic necessity
dynamic necessity,dynamic possibility
deontic acceptability,dynamic possibility
dynamic possibility,epistemic
deontic acceptability,dynamic possibility
dynamic possibility,dynamic possibility
dynamic possibility,dynamic necessity
dynamic possibility,deontic acceptability
epistemic,deontic authority
deontic authority,deontic authority
dynamic possibility,dynamic possibility
dynamic possibility,dynamic possibility
epistemic,dynamic necessity
dynamic necessity,dynamic possibility
dynamic possibility,dynamic necessity
dynamic possibility,dynamic possibility
dynamic possibility,dynamic possibility
dynamic necessity,dynamic necessity
epistemic,dynamic possibility
epistemic,dynamic necessity
dynamic possibility,epistemic
dynamic possibility,dynamic necessity
epistemic,dynamic necessity
dynamic necessity,dynamic possibility
deontic acceptability,deontic acceptability
epistemic,deontic acceptability
deontic authority,deontic authority
deontic acceptability,dynamic possibility
dynamic possibility,dynamic possibility
epistemic,dynamic possibility
dynamic possibility,deontic acceptability
dynamic possibility,dynamic possibility
epistemic,dynamic possibility
dynamic possibility,dynamic possibility
dynamic possibility,dynamic possibility
dynamic possibility,dynamic possibility
dynamic possibility,dynamic possibility
epistemic,epistemic
dynamic possibility,dynamic possibility
dynamic possibility,dynamic necessity
epistemic,dynamic necessity
epistemic,dynamic possibility
dynamic possibility,dynamic possibility
epistemic,dynamic possibility
dynamic possibility,dynamic necessity
dynamic possibility,dynamic possibility
dynamic possibility,dynamic possibility
epistemic,dynamic necessity
dynamic necessity,dynamic possibility
dynamic necessity,dynamic possibility
dynamic possibility,dynamic possibility
dynamic possibility,dynamic possibility
dynamic possibility,dynamic possibility
dynamic possibility,dynamic possibility
dynamic possibility,dynamic possibility
epistemic,dynamic possibility
dynamic possibility,dynamic possibility
dynamic necessity,dynamic possibility
dynamic possibility,dynamic possibility
dynamic possibility,dynamic possibility
epistemic,dynamic possibility
dynamic possibility,dynamic possibility
dynamic possibility,dynamic possibility
deontic authority,epistemic
dynamic possibility,dynamic possibility
dynamic possibility,dynamic possibility
dynamic possibility,dynamic possibility
dynamic possibility,dynamic possibility
epistemic,dynamic possibility
deontic authority,deontic authority
deontic authority,dynamic necessity
deontic authority,dynamic necessity
dynamic possibility,dynamic possibility
dynamic necessity,dynamic necessity
dynamic necessity,dynamic necessity
dynamic necessity,dynamic necessity
deontic authority,deontic acceptability
deontic authority,deontic acceptability
deontic authority,dynamic possibility
deontic acceptability,dynamic possibility
deontic authority,deontic authority
deontic authority,deontic authority
deontic authority,deontic authority
deontic acceptability,deontic acceptability
epistemic,dynamic possibility
dynamic possibility,dynamic possibility
deontic authority,deontic authority
deontic authority,deontic authority
deontic acceptability,deontic authority
deontic acceptability,deontic authority
dynamic necessity,dynamic necessity
deontic authority,deontic acceptability
deontic authority,dynamic possibility
deontic acceptability,dynamic possibility
dynamic possibility,dynamic possibility
dynamic possibility,dynamic possibility
epistemic,deontic acceptability
dynamic possibility,dynamic possibility
dynamic possibility,dynamic possibility
dynamic possibility,dynamic possibility
deontic acceptability,dynamic possibility
epistemic,epistemic
epistemic,epistemic
deontic authority,deontic authority
deontic authority,deontic authority
deontic authority,deontic authority
dynamic possibility,dynamic possibility
deontic authority,deontic authority
epistemic,epistemic
epistemic,epistemic
epistemic,epistemic
dynamic possibility,dynamic possibility
dynamic possibility,dynamic possibility
deontic authority,deontic acceptability
deontic acceptability,deontic authority
deontic authority,dynamic possibility
dynamic possibility,deontic acceptability
dynamic necessity,deontic authority
deontic authority,dynamic possibility
dynamic possibility,dynamic possibility
dynamic possibility,deontic authority
dynamic possibility,dynamic possibility
dynamic possibility,dynamic possibility
epistemic,dynamic possibility
deontic authority,dynamic possibility
deontic authority,dynamic possibility
dynamic necessity,dynamic possibility
epistemic,dynamic possibility
dynamic possibility,dynamic possibility
dynamic possibility,dynamic possibility
dynamic possibility,dynamic possibility
dynamic necessity,dynamic possibility
dynamic necessity,dynamic necessity
dynamic possibility,dynamic necessity
dynamic necessity,dynamic necessity
dynamic necessity,epistemic
epistemic,dynamic necessity
dynamic necessity,dynamic necessity
dynamic necessity,dynamic necessity
dynamic necessity,dynamic possibility
dynamic possibility,dynamic possibility
dynamic possibility,dynamic necessity
dynamic possibility,dynamic necessity
dynamic necessity,dynamic possibility
dynamic possibility,dynamic possibility
dynamic possibility,dynamic possibility
dynamic possibility,dynamic possibility
dynamic necessity,dynamic necessity
dynamic necessity,dynamic necessity
dynamic necessity,dynamic necessity
dynamic necessity,dynamic possibility
dynamic necessity,dynamic possibility
